report_id,auditee_uei,audit_year,auditee_certify_name,auditee_certify_title,auditee_contact_name,auditee_email,auditee_name,auditee_phone,auditee_contact_title,auditee_address_line_1,auditee_city,auditee_state,auditee_ein,auditee_zip,auditor_certify_name,auditor_certify_title,auditor_phone,auditor_state,auditor_city,auditor_contact_title,auditor_address_line_1,auditor_zip,auditor_country,auditor_contact_name,auditor_email,auditor_firm_name,auditor_foreign_address,auditor_ein,cognizant_agency,oversight_agency,date_created,ready_for_certification_date,auditor_certified_date,auditee_certified_date,submitted_date,fac_accepted_date,fy_end_date,fy_start_date,audit_type,gaap_results,sp_framework_basis,is_sp_framework_required,sp_framework_opinions,is_going_concern_included,is_internal_control_deficiency_disclosed,is_internal_control_material_weakness_disclosed,is_material_noncompliance_disclosed,dollar_threshold,is_low_risk_auditee,agencies_with_prior_findings,entity_type,number_months,audit_period_covered,total_amount_expended,type_audit_code,is_public,data_source,is_aicpa_audit_guide_included,is_additional_ueis,resubmission_version,resubmission_status,is_multiple_eins,is_secondary_auditors
2025-12-GSAFAC-0000422565,G6C5UJ3TAJL6,2025,Darrell Meinke,Director of Public Health,Darrell Meinke,dmeinke@clayhealth.com,Clay County Health Department,8165954363,Director of Public Health,800 HAINES DR.,LIBERTY,MO,431271462,64068,Michael Keenan,Partner,9189150712,MO,Kansas City,Partner,"1251 NW Briarcliff Parkway, Suite 85",64116,USA,Micheal Keenan,mkeenan@hoodcpas.com,Hood and Associates CPAS PC,,731432162,,10,2026-06-26,2026-07-10,2026-07-10,2026-07-13,2026-07-13,2026-07-13,2025-12-31,2025-01-01,single-audit,unmodified_opinion,,,,No,No,No,No,1000000,Yes,00,local,,annual,1338114,UG,True,GSAFAC,No,No,1,most_recent,No,No
2024-12-GSAFAC-0000423894,C8DLAMJPKK16,2024,Deb Harris,Finance Officer,DEB HARRIS,deb.harris@harrisburgsd.gov,CITY OF HARRISBURG,6057675008,FINANCE OFFICER,301 E WILLOW ST,HARRISBURG,SD,460276036,57032,RANDY SCHOENFISH,CPA,6059287241,SD,PARKSTON,CPA,"105 E MAIN ST, PO BOX 247",57366,USA,RANDY SCHOENFISH,wjscpa@schoenfish.com,"SCHOENFISH & CO., INC.",,460353724,,21,2026-07-09,2026-07-09,2026-07-09,2026-07-13,2026-07-13,2026-07-13,2024-12-31,2024-01-01,single-audit,unmodified_opinion,,,,No,No,Yes,Yes,750000,No,00,local,,annual,4420627,UG,True,GSAFAC,No,No,1,most_recent,No,No
2025-12-GSAFAC-0000423165,S814RGZQHCB1,2025,Dean Roles,Assoc Director of Finance,Dean Roles,droles@mankatomn.gov,CITY OF MANKATO,5073878677,Controller,10 Civic Center Plaza,Mankato,MN,416005344,56001,Thomas Olinger,Partner,5073046802,MN,Mankato,Partner,"100 Warren Street, Suite 600",56001,USA,Thomas Olinger,thomas.olinger@abdosolutions.com,"Abdo, LLP",,411397419,,20,2026-06-30,2026-07-10,2026-07-10,2026-07-13,2026-07-13,2026-07-13,2025-12-31,2025-01-01,single-audit,unmodified_opinion,,,,No,No,No,No,1000000,Yes,00,local,,annual,6062831,UG,True,GSAFAC,No,No,1,most_recent,No,No
2025-12-GSAFAC-0000423374,KR3YE8K5GGA9,2025,Jessica Hebert,City of Thibodaux,Jessica Hebert,jhebert@ci.thibodaux.la.us,City of Thibodaux,9854467244,Finance Director,P. O. BOX 5418,THIBODAUX,LA,726001396,70302,Fred W Smith,Partner,2254084778,LA,Baton Rouge,Partner,"8550 United Plaza Blvd, Suite 1001",70809,USA,Freddy Smith,fred.smith@eisneramper.com,EisnerAmper LLP,,871363769,,14,2026-07-01,2026-07-01,2026-07-12,2026-07-13,2026-07-13,2026-07-13,2025-12-31,2025-01-01,single-audit,unmodified_opinion,,,,No,No,No,No,1000000,Yes,00,local,,annual,6396780,UG,True,GSAFAC,No,No,1,most_recent,No,No
2025-12-GSAFAC-0000423980,CLN2MRMTJEZ7,2025,Sandi Holden,Finance Officer,Sandi Holden,sholden@gilmercounty-ga.gov,"GILMER COUNTY, GEORGIA",7066354361,FINANCE DIRECTOR,1 Broad Street,ELLIJAY,GA,586000829,30540,JUSTIN BURRUSS,AUDIT MANAGER,7702877800,GA,GAINESVILLE,AUDIT MANAGER,726 SOUTH ENOTA DRIVE,30501,USA,JUSTIN BURRUSS,JBURRUSS@RUSHTON.CPA,"RUSHTON, LLC",,871753047,,21,2026-07-10,2026-07-10,2026-07-10,2026-07-13,2026-07-13,2026-07-13,2025-12-31,2025-01-01,single-audit,unmodified_opinion,,,,No,Yes,No,No,1000000,Yes,00,local,,annual,1166127,UG,True,GSAFAC,No,No,1,most_recent,No,No
2025-06-GSAFAC-0000423708,SXVTYXHECM65,2025,Bettye Clark,Chief Financial Officer,Bettye Clark,bclark@prcc.edu,PEARL RIVER COMMUNITY COLLEGE,6014031134,Chief Financial Officer,101 HWY 11 N,POPLARVILLE,MS,646000960,39470,Angela T Herzog,CPA/Partner,6014992400,MS,Ridgeland,Partner,"1062 Highland Colony Pkwy, Suite 201",39157,USA,Angela Herzog,aherzog@GRANTHAMPOOLE.COM,GranthamPoole PLLC,,640903390,,84,2026-07-07,2026-07-09,2026-07-09,2026-07-13,2026-07-13,2026-07-13,2025-06-30,2024-07-01,single-audit,unmodified_opinion,,,,No,No,No,No,1213558,No,00,higher-ed,,annual,40451945,UG,True,GSAFAC,No,No,1,most_recent,No,No
2025-12-GSAFAC-0000423103,MVVBWMAZ3NN5,2025,Norman McKay,CFO,Norman McKay,norman@midtownatl.com,Midtown Alliance,4048092114,CFO,999 Peachtree Street NE Suite 730,Atlanta,GA,581341100,30309,Daniel Sage,Assurance Partner,4048746244,GA,Atlanta,Partner,271 17th St NW Suite 2100,30363,USA,Daniel Sage,dsage@smith-howard.com,"Smith + Howard, PC",,521250486,,20,2026-06-30,2026-06-30,2026-07-08,2026-07-13,2026-07-13,2026-07-13,2025-12-31,2025-01-01,single-audit,unmodified_opinion,,,,No,No,No,No,1000000,Yes,00,non-profit,,annual,6733043,UG,True,GSAFAC,No,No,1,most_recent,No,No
2025-12-GSAFAC-0000424001,RG86AU1RJBS6,2025,Scarlette Diseker,City Manager,SCARLETTE DISEKER,SCARLETTE.DISEKER@CITYOFLIBERAL.ORG,"CITY OF LIBERAL, KANSAS",6206262201,CITY MANAGER,324 N. KANSAS AVE,LIBERAL,KS,486009365,67901,Dustin Ormiston,Auditor,6206248471,KS,LIBERAL,CPA,PO BOX 2707,67905,USA,DUSTIN ORMISTON,DUSTIN@HAYRICE.COM,HAY-RICE & ASSOCIATES,,480800083,,20,2026-07-10,2026-07-10,2026-07-10,2026-07-13,2026-07-13,2026-07-13,2025-12-31,2025-01-01,single-audit,not_gaap,other_basis,No,unmodified_opinion,No,No,No,No,1000000,No,00,local,,annual,1879838,UG,True,GSAFAC,No,No,1,most_recent,No,No
2025-06-GSAFAC-0000423586,VXNSXFMHS7H8,2025,Tawanna Denmark,Executive Director,Tawanna Denmark,TawannaD@carolinascare.org,CAROLINAS CARE PARTNERSHIP,7042931110,Executive Director,1263 Arrow Pine Drive Suite D100,CHARLOTTE,NC,311768358,28273,Jamie Hatmaker,Senior Audit Manager,7044143224,NC,Charlotte,Senior Audit Manager,1347 Harding Place,28204,USA,Jamie Hatmaker,jamie@foard.cpa,"Foard & Company, PA",,561688300,,14,2026-07-06,2026-07-06,2026-07-06,2026-07-13,2026-07-13,2026-07-13,2025-06-30,2024-07-01,single-audit,unmodified_opinion,,,,No,No,No,Yes,750000,No,93,non-profit,,annual,4052751,UG,True,GSAFAC,No,No,1,most_recent,No,No
2026-06-GSAFAC-0000424040,Y8ZDZ4ZKLD82,2026,Erica Broome,Grant Administrator,Erica Broome,erica@heflinengineering.com,"LOOXAHOMA WATER ASSOCIATION, INC.",6018247569,Project Manager,333 Lyles Road,Senatobia,MS,640578523,38668,Taylor Dribben,"Partner, CPA, CGFM, CCA",2769525155,VA,Meadows of Dan,"Partner, CPA, CGFM, CCA",3536 Bent Road,24120,USA,Taylor Dribben,tdribben@dribbencpa.com,"Dribben & Associates CPAs, PLLC",,990387016,,21,2026-07-10,2026-07-10,2026-07-10,2026-07-13,2026-07-13,2026-07-13,2026-06-30,2025-07-01,program-specific,unmodified_opinion,,,,No,No,No,No,1000000,No,00,non-profit,,annual,1099029,UG,True,GSAFAC,No,No,1,most_recent,No,No
