report_id,auditee_uei,audit_year,fac_accepted_date,award_reference,passthrough_id,passthrough_name
2025-12-GSAFAC-0000422565,G6C5UJ3TAJL6,2025,2026-07-13,AWARD-00001,ERS04525048,Missouri Department of Health
2025-12-GSAFAC-0000422565,G6C5UJ3TAJL6,2025,2026-07-13,AWARD-00002,ERS04526019,Missouri Department of Health
2025-12-GSAFAC-0000422565,G6C5UJ3TAJL6,2025,2026-07-13,AWARD-00003,223MO074Y831343,Missouri Department of Health
2025-12-GSAFAC-0000422565,G6C5UJ3TAJL6,2025,2026-07-13,AWARD-00004,DH240056056,Missouri Department of Health
2025-12-GSAFAC-0000422565,G6C5UJ3TAJL6,2025,2026-07-13,AWARD-00005,DH260057591,Missouri Department of Health
2025-12-GSAFAC-0000422565,G6C5UJ3TAJL6,2025,2026-07-13,AWARD-00006,DH230053895,Missouri Department of Health
2025-12-GSAFAC-0000422565,G6C5UJ3TAJL6,2025,2026-07-13,AWARD-00007,DH260057519,Missouri Department of Health
2025-12-GSAFAC-0000422565,G6C5UJ3TAJL6,2025,2026-07-13,AWARD-00008,DH220049858,Missouri Department of Health
2025-12-GSAFAC-0000422565,G6C5UJ3TAJL6,2025,2026-07-13,AWARD-00009,CCHC250016,Missouri Department of Health
2025-12-GSAFAC-0000422565,G6C5UJ3TAJL6,2025,2026-07-13,AWARD-00010,CCHC260017,Missouri Department of Health
2025-12-GSAFAC-0000422565,G6C5UJ3TAJL6,2025,2026-07-13,AWARD-00011,DH240056184,Missouri Department of Health
2025-12-GSAFAC-0000422565,G6C5UJ3TAJL6,2025,2026-07-13,AWARD-00012,DH230054516,Missouri Department of Health
2025-12-GSAFAC-0000422565,G6C5UJ3TAJL6,2025,2026-07-13,AWARD-00013,DH240054090,Missouri Department of Health
2025-12-GSAFAC-0000422565,G6C5UJ3TAJL6,2025,2026-07-13,AWARD-00014,DH220051068,Missouri Department of Health
2024-12-GSAFAC-0000423894,C8DLAMJPKK16,2024,2026-07-13,AWARD-00001,NONE,SD DEPARTMENT OF PUBLIC TRANSPORTATION
2025-12-GSAFAC-0000423165,S814RGZQHCB1,2025,2026-07-13,AWARD-00001,,Minnesota Department of Trade and Economic Development
2025-12-GSAFAC-0000423165,S814RGZQHCB1,2025,2026-07-13,AWARD-00002,,Federal Transit Administration
2025-12-GSAFAC-0000423165,S814RGZQHCB1,2025,2026-07-13,AWARD-00003,,Minnesota Department of Transportation
2025-12-GSAFAC-0000423165,S814RGZQHCB1,2025,2026-07-13,AWARD-00004,,Minnesota Historical Society
2025-12-GSAFAC-0000423165,S814RGZQHCB1,2025,2026-07-13,AWARD-00005,,Minnesota Department of Public Safety
2025-12-GSAFAC-0000423165,S814RGZQHCB1,2025,2026-07-13,AWARD-00006,,Minnesota Department of Transportation
2025-12-GSAFAC-0000423165,S814RGZQHCB1,2025,2026-07-13,AWARD-00007,,Minnesota Department of Transportation
2025-12-GSAFAC-0000423165,S814RGZQHCB1,2025,2026-07-13,AWARD-00008,,Minnesota Department of Transportation
2025-12-GSAFAC-0000423165,S814RGZQHCB1,2025,2026-07-13,AWARD-00009,,Minnesota Department of Transportation
2025-12-GSAFAC-0000423165,S814RGZQHCB1,2025,2026-07-13,AWARD-00011,,Minnesota Department of Human Services
2025-12-GSAFAC-0000423374,KR3YE8K5GGA9,2025,2026-07-13,AWARD-00003,B-23-MC-22-0012,Louisiana Office of Community Planning and Development
2025-12-GSAFAC-0000423374,KR3YE8K5GGA9,2025,2026-07-13,AWARD-00004,B-24-MC-22-0012,Louisiana Office of Community Planning and Development
2025-12-GSAFAC-0000423374,KR3YE8K5GGA9,2025,2026-07-13,AWARD-00005,2025-30-55,Louisiana Highway Safety Commission
2025-12-GSAFAC-0000423374,KR3YE8K5GGA9,2025,2026-07-13,AWARD-00006,2026-30-55,Louisiana Highway Safety Commission
2025-12-GSAFAC-0000423374,KR3YE8K5GGA9,2025,2026-07-13,AWARD-00007,2025-30-55,Louisiana Highway Safety Commission
2025-12-GSAFAC-0000423374,KR3YE8K5GGA9,2025,2026-07-13,AWARD-00008,2026-30-55,Louisiana Highway Safety Commission
2025-12-GSAFAC-0000423374,KR3YE8K5GGA9,2025,2026-07-13,AWARD-00009,3-22-0072-013-2024,Louisiana Department of Transportation and Development
2025-12-GSAFAC-0000423374,KR3YE8K5GGA9,2025,2026-07-13,AWARD-00010,H009320,Louisiana Department of Transportation and Development
2025-12-GSAFAC-0000423374,KR3YE8K5GGA9,2025,2026-07-13,AWARD-00011,H013269,Louisiana Department of Transportation and Development
2025-12-GSAFAC-0000423374,KR3YE8K5GGA9,2025,2026-07-13,AWARD-00012,H0134295,Louisiana Department of Transportation and Development
2025-12-GSAFAC-0000423374,KR3YE8K5GGA9,2025,2026-07-13,AWARD-00013,2025-30-55,Louisiana Highway Safety Commission
2025-12-GSAFAC-0000423374,KR3YE8K5GGA9,2025,2026-07-13,AWARD-00014,2026-30-55,Louisiana Highway Safety Commission
2025-12-GSAFAC-0000423374,KR3YE8K5GGA9,2025,2026-07-13,AWARD-00015,4611-DR-LA,Louisiana Governor's Office of Homeland Security and Emergency Preparedness
2025-12-GSAFAC-0000423980,CLN2MRMTJEZ7,2025,2026-07-13,AWARD-00001,486Forest,Office of the State Treasurer
2025-12-GSAFAC-0000423980,CLN2MRMTJEZ7,2025,2026-07-13,AWARD-00002,FY2025,Office of the State Treasurer
2025-12-GSAFAC-0000423980,CLN2MRMTJEZ7,2025,2026-07-13,AWARD-00003,AP023-9058-23(123),Georgia Department of Transportation
2025-12-GSAFAC-0000423980,CLN2MRMTJEZ7,2025,2026-07-13,AWARD-00004,2022_ARPA_01,Pickens County Georgia Appalachian Judicial Circuit
2025-12-GSAFAC-0000423980,CLN2MRMTJEZ7,2025,2026-07-13,AWARD-00005,EMA-2024-EP-05011,Georgia Emergency Management Agency
2025-12-GSAFAC-0000423980,CLN2MRMTJEZ7,2025,2026-07-13,AWARD-00006,EMW-2023-FG-02595,Georgia Emergency Management Agency
2025-06-GSAFAC-0000423708,SXVTYXHECM65,2025,2026-07-13,AWARD-00001,AM22SCBPMS1165,MS Dept of Agriculture & Commerce
2025-06-GSAFAC-0000423708,SXVTYXHECM65,2025,2026-07-13,AWARD-00002,70NANB22H023,MS Manufacturer's Association
2025-06-GSAFAC-0000423708,SXVTYXHECM65,2025,2026-07-13,AWARD-00003,22-S90-010-8852-1,MS Dept of Employment Security
2025-06-GSAFAC-0000423708,SXVTYXHECM65,2025,2026-07-13,AWARD-00004,23LB4251,MS Division of Public Safety Planning Office of Justice Programs
2025-06-GSAFAC-0000423708,SXVTYXHECM65,2025,2026-07-13,AWARD-00005,24-3524-21-570,Southern MS Planning & Development - Workforce Coordinator
2025-06-GSAFAC-0000423708,SXVTYXHECM65,2025,2026-07-13,AWARD-00006,24-3524-21-150,"Southern Mississippi Planning and Development -
Work-Based Learning Coordinator"
2025-06-GSAFAC-0000423708,SXVTYXHECM65,2025,2026-07-13,AWARD-00007,24-3524-21-701,"Southern Mississippi Planning and Development -
Computer Workshops"
2025-06-GSAFAC-0000423708,SXVTYXHECM65,2025,2026-07-13,AWARD-00008,24-3564-21-119,"Southern Mississippi Planning and Development - WIOA
Title I SPARK Direct Training"
2025-06-GSAFAC-0000423708,SXVTYXHECM65,2025,2026-07-13,AWARD-00009,24-3564-21-119,"Southern Mississippi Planning and Development - WIOA
Title I SPARK Participant"
2025-06-GSAFAC-0000423708,SXVTYXHECM65,2025,2026-07-13,AWARD-00010,24-3564-21-119,"Southern Mississippi Planning and Development - Healthcare
Stabilization SPARK Work Experience"
2025-06-GSAFAC-0000423708,SXVTYXHECM65,2025,2026-07-13,AWARD-00011,24A60CP000284-01-00,"Employment and Training Administration - Community Project
Funding"
2025-06-GSAFAC-0000423708,SXVTYXHECM65,2025,2026-07-13,AWARD-00012,21-00152,MS Dept of Environmental Quality
2025-06-GSAFAC-0000423708,SXVTYXHECM65,2025,2026-07-13,AWARD-00013,PRCC-AW-24-1,MS Office of Workforce Development
2025-06-GSAFAC-0000423708,SXVTYXHECM65,2025,2026-07-13,AWARD-00014,PRCC-AW-23.1,MS Office of Workforce Development
2025-06-GSAFAC-0000423708,SXVTYXHECM65,2025,2026-07-13,AWARD-00015,NAH018,MS Office of Workforce Development
2025-06-GSAFAC-0000423708,SXVTYXHECM65,2025,2026-07-13,AWARD-00016,24-04-56,University of Mississippi
2025-06-GSAFAC-0000423708,SXVTYXHECM65,2025,2026-07-13,AWARD-00017,26-07-17,University of Mississippi
2025-06-GSAFAC-0000423708,SXVTYXHECM65,2025,2026-07-13,AWARD-00023,V002A230025,MS Community College Board
2025-06-GSAFAC-0000423708,SXVTYXHECM65,2025,2026-07-13,AWARD-00024,V048A180024,MS Community College Board
2025-06-GSAFAC-0000423708,SXVTYXHECM65,2025,2026-07-13,AWARD-00026,04HP000325,MS Dept of Human Services
2025-06-GSAFAC-0000423708,SXVTYXHECM65,2025,2026-07-13,AWARD-00027,23-3903-21-570,Southern MS Planning & Development
2025-06-GSAFAC-0000423708,SXVTYXHECM65,2025,2026-07-13,AWARD-00028,2024-32,MS Community College Board
2025-06-GSAFAC-0000423708,SXVTYXHECM65,2025,2026-07-13,AWARD-00029,2025-55,MS Community College Board
2025-12-GSAFAC-0000423103,MVVBWMAZ3NN5,2025,2026-07-13,AWARD-00001,,"City of Atlanta, Georgia"
2025-12-GSAFAC-0000423103,MVVBWMAZ3NN5,2025,2026-07-13,AWARD-00002,,"City of Atlanta, Georgia"
2025-12-GSAFAC-0000423103,MVVBWMAZ3NN5,2025,2026-07-13,AWARD-00003,UP2204,Atlanta Regional Commission
2025-12-GSAFAC-0000424001,RG86AU1RJBS6,2025,2026-07-13,AWARD-00002,2025,KANSAS DEPARTMENT OF TRANSPORTATION
2025-12-GSAFAC-0000424001,RG86AU1RJBS6,2025,2026-07-13,AWARD-00003,2025,KANSAS DEPARTMENT OF TRANSPORTATION
2025-12-GSAFAC-0000424001,RG86AU1RJBS6,2025,2026-07-13,AWARD-00004,2025,"SOUTHWEST KANSAS REGIONAL TRANSPORTATION COUNCIL, INC."
2025-12-GSAFAC-0000424001,RG86AU1RJBS6,2025,2026-07-13,AWARD-00005,2025,KANSAS DEPARTMENT OF COMMERCE
2025-06-GSAFAC-0000423586,VXNSXFMHS7H8,2025,2026-07-13,AWARD-00002,48262,North Carolina Department of Health and Human Services
2025-06-GSAFAC-0000423586,VXNSXFMHS7H8,2025,2026-07-13,AWARD-00003,41624275,"Mecklenburg County, North Carolina"
2025-06-GSAFAC-0000423586,VXNSXFMHS7H8,2025,2026-07-13,AWARD-00004,41624383,"Mecklenburg County, North Carolina"
2025-06-GSAFAC-0000423586,VXNSXFMHS7H8,2025,2026-07-13,AWARD-00005,46844,North Carolina Department of Health and Human Services
2025-06-GSAFAC-0000423586,VXNSXFMHS7H8,2025,2026-07-13,AWARD-00006,41221,"City of Charlotte, North Carolina"
2026-06-GSAFAC-0000424040,Y8ZDZ4ZKLD82,2026,2026-07-13,AWARD-00001,ARWAI-G-0690004,Mississippi State Department of Health
