report_id,auditee_uei,audit_year,fac_accepted_date,award_reference,federal_agency_prefix,federal_award_extension,additional_award_identification,federal_program_name,amount_expended,cluster_name,other_cluster_name,state_cluster_name,cluster_total,federal_program_total,is_major,is_loan,loan_balance,is_direct,audit_report_type,findings_count,is_passthrough_award,passthrough_amount
2025-12-GSAFAC-0000422565,G6C5UJ3TAJL6,2025,2026-07-13,AWARD-00001,10,557,,"WIC SPECIAL SUPPLEMENTAL NUTRITION PROGRAM FOR WOMEN, INFANTS, AND CHILDREN",766594,N/A,,,0,803277,Y,N,,N,U,1,N,
2025-12-GSAFAC-0000422565,G6C5UJ3TAJL6,2025,2026-07-13,AWARD-00002,10,557,,"WIC SPECIAL SUPPLEMENTAL NUTRITION PROGRAM FOR WOMEN, INFANTS, AND CHILDREN",36683,N/A,,,0,803277,Y,N,,N,U,1,N,
2025-12-GSAFAC-0000422565,G6C5UJ3TAJL6,2025,2026-07-13,AWARD-00003,10,576,,SENIOR FARMERS MARKET NUTRITION PROGRAM,300,N/A,,,0,300,N,N,,N,,0,N,
2025-12-GSAFAC-0000422565,G6C5UJ3TAJL6,2025,2026-07-13,AWARD-00004,93,069,,PUBLIC HEALTH EMERGENCY PREPAREDNESS,75639,N/A,,,0,135280,N,N,,N,,0,N,
2025-12-GSAFAC-0000422565,G6C5UJ3TAJL6,2025,2026-07-13,AWARD-00005,93,069,,PUBLIC HEALTH EMERGENCY PREPAREDNESS,39970,N/A,,,0,135280,N,N,,N,,0,N,
2025-12-GSAFAC-0000422565,G6C5UJ3TAJL6,2025,2026-07-13,AWARD-00006,93,069,,PUBLIC HEALTH EMERGENCY PREPAREDNESS,1833,N/A,,,0,135280,N,N,,N,,0,N,
2025-12-GSAFAC-0000422565,G6C5UJ3TAJL6,2025,2026-07-13,AWARD-00007,93,069,,PUBLIC HEALTH EMERGENCY PREPAREDNESS,17838,N/A,,,0,135280,N,N,,N,,0,N,
2025-12-GSAFAC-0000422565,G6C5UJ3TAJL6,2025,2026-07-13,AWARD-00008,93,268,,IMMUNIZATION COOPERATIVE AGREEMENTS,6342,N/A,,,0,6342,N,N,,N,,0,N,
2025-12-GSAFAC-0000422565,G6C5UJ3TAJL6,2025,2026-07-13,AWARD-00009,93,575,,CHILD CARE AND DEVELOPMENT BLOCK GRANT,640,N/A,,,0,1103,N,N,,N,,0,N,
2025-12-GSAFAC-0000422565,G6C5UJ3TAJL6,2025,2026-07-13,AWARD-00010,93,575,,CHILD CARE AND DEVELOPMENT BLOCK GRANT,463,N/A,,,0,1103,N,N,,N,,0,N,
2025-12-GSAFAC-0000422565,G6C5UJ3TAJL6,2025,2026-07-13,AWARD-00011,93,767,,CHILDREN'S HEALTH INSURANCE PROGRAM,115441,N/A,,,0,115441,N,N,,N,,0,N,
2025-12-GSAFAC-0000422565,G6C5UJ3TAJL6,2025,2026-07-13,AWARD-00012,93,967,,CENTERS FOR DISEASE CONTROL AND PREVENTION COLLABORATION WITH ACADEMIA TO STRENGTHEN PUBLIC HEALTH,77497,N/A,,,0,77497,N,N,,N,,0,N,
2025-12-GSAFAC-0000422565,G6C5UJ3TAJL6,2025,2026-07-13,AWARD-00013,93,977,,SEXUALLY TRANSMITTED DISEASES (STD) PREVENTION AND CONTROL GRANTS,167083,N/A,,,0,167083,N,N,,N,,0,N,
2025-12-GSAFAC-0000422565,G6C5UJ3TAJL6,2025,2026-07-13,AWARD-00014,93,994,,MATERNAL AND CHILD HEALTH SERVICES BLOCK GRANT TO THE STATES,31791,N/A,,,0,31791,N,N,,N,,0,N,
2024-12-GSAFAC-0000423894,C8DLAMJPKK16,2024,2026-07-13,AWARD-00001,20,205,,HIGHWAY PLANNING AND CONSTRUCTION,15496,N/A,,,0,15496,N,N,,N,,0,N,
2024-12-GSAFAC-0000423894,C8DLAMJPKK16,2024,2026-07-13,AWARD-00002,21,027,,CORONAVIRUS STATE AND LOCAL FISCAL RECOVERY FUNDS,4405131,N/A,,,0,4405131,Y,N,,Y,U,1,N,
2025-12-GSAFAC-0000423165,S814RGZQHCB1,2025,2026-07-13,AWARD-00001,14,218,,COMMUNITY DEVELOPMENT BLOCK GRANTS/ENTITLEMENT GRANTS,425226,CDBG - ENTITLEMENT GRANTS CLUSTER,,,425226,425226,Y,N,,N,U,0,N,
2025-12-GSAFAC-0000423165,S814RGZQHCB1,2025,2026-07-13,AWARD-00002,20,507,,FEDERAL TRANSIT FORMULA GRANTS,1284880,FEDERAL TRANSIT CLUSTER,,,1388480,1284880,N,N,,N,,0,N,
2025-12-GSAFAC-0000423165,S814RGZQHCB1,2025,2026-07-13,AWARD-00003,20,526,,"BUSES AND BUS FACILITIES FORMULA, COMPETITIVE, AND LOW OR NO EMISSIONS PROGRAMS",103600,FEDERAL TRANSIT CLUSTER,,,1388480,103600,N,N,,N,,0,N,
2025-12-GSAFAC-0000423165,S814RGZQHCB1,2025,2026-07-13,AWARD-00004,15,904,,HISTORIC PRESERVATION FUND GRANTS-IN-AID,250,N/A,,,0,250,N,N,,N,,0,N,
2025-12-GSAFAC-0000423165,S814RGZQHCB1,2025,2026-07-13,AWARD-00005,16,710,,PUBLIC SAFETY PARTNERSHIP AND COMMUNITY POLICING GRANTS,12278,N/A,,,0,12278,N,N,,N,,0,N,
2025-12-GSAFAC-0000423165,S814RGZQHCB1,2025,2026-07-13,AWARD-00006,20,106,,"AIRPORT IMPROVEMENT PROGRAM, INFRASTRUCTURE INVESTMENT AND JOBS ACT PROGRAMS, AND COVID-19 AIRPORTS PROGRAMS",1795656,N/A,,,0,1795656,Y,N,,N,U,0,N,
2025-12-GSAFAC-0000423165,S814RGZQHCB1,2025,2026-07-13,AWARD-00007,20,205,,HIGHWAY PLANNING AND CONSTRUCTION,337498,N/A,,,0,337498,N,N,,N,,0,N,
2025-12-GSAFAC-0000423165,S814RGZQHCB1,2025,2026-07-13,AWARD-00008,20,505,,METROPOLITAN TRANSPORTATION PLANNING AND STATE AND NON-METROPOLITAN PLANNING AND RESEARCH,493927,N/A,,,0,493927,N,N,,N,,0,N,
2025-12-GSAFAC-0000423165,S814RGZQHCB1,2025,2026-07-13,AWARD-00009,20,703,,INTERAGENCY HAZARDOUS MATERIALS PUBLIC SECTOR TRAINING AND PLANNING GRANTS,12863,N/A,,,0,12863,N,N,,N,,0,N,
2025-12-GSAFAC-0000423165,S814RGZQHCB1,2025,2026-07-13,AWARD-00010,66,818,,"BROWNFIELDS MULTIPURPOSE, ASSESSMENT, REVOLVING LOAN FUND, AND CLEANUP COOPERATIVE AGREEMENTS",1994,N/A,,,0,1994,N,N,,Y,,0,N,
2025-12-GSAFAC-0000423165,S814RGZQHCB1,2025,2026-07-13,AWARD-00011,93,959,,BLOCK GRANTS FOR PREVENTION AND TREATMENT OF SUBSTANCE ABUSE,2050,N/A,,,0,2050,N,N,,N,,0,N,
2025-12-GSAFAC-0000423165,S814RGZQHCB1,2025,2026-07-13,AWARD-00012,97,036,,DISASTER GRANTS - PUBLIC ASSISTANCE (PRESIDENTIALLY DECLARED DISASTERS),386948,N/A,,,0,386948,N,N,,Y,,0,N,
2025-12-GSAFAC-0000423165,S814RGZQHCB1,2025,2026-07-13,AWARD-00013,21,027,C,CORONAVIRUS STATE AND LOCAL FISCAL RECOVERY FUNDS,1205661,N/A,,,0,1205661,N,N,,Y,,0,N,
2025-12-GSAFAC-0000423374,KR3YE8K5GGA9,2025,2026-07-13,AWARD-00001,14,871,LA194VO,SECTION 8 HOUSING CHOICE VOUCHERS,2726653,HOUSING VOUCHER CLUSTER,,,3092206,2726653,N,N,,Y,,0,N,
2025-12-GSAFAC-0000423374,KR3YE8K5GGA9,2025,2026-07-13,AWARD-00002,14,879,LA194AF0130/LA194AF0131,MAINSTREAM VOUCHERS,365553,HOUSING VOUCHER CLUSTER,,,3092206,365553,N,N,,Y,,0,N,
2025-12-GSAFAC-0000423374,KR3YE8K5GGA9,2025,2026-07-13,AWARD-00003,14,218,,COMMUNITY DEVELOPMENT BLOCK GRANTS/ENTITLEMENT GRANTS,224917,CDBG - ENTITLEMENT GRANTS CLUSTER,,,245642,245642,N,N,,N,,0,N,
2025-12-GSAFAC-0000423374,KR3YE8K5GGA9,2025,2026-07-13,AWARD-00004,14,218,,COMMUNITY DEVELOPMENT BLOCK GRANTS/ENTITLEMENT GRANTS,20725,CDBG - ENTITLEMENT GRANTS CLUSTER,,,245642,245642,N,N,,N,,0,N,
2025-12-GSAFAC-0000423374,KR3YE8K5GGA9,2025,2026-07-13,AWARD-00005,20,600,,STATE AND COMMUNITY HIGHWAY SAFETY,35415,HIGHWAY SAFETY CLUSTER,,,46846,39893,N,N,,N,,0,N,
2025-12-GSAFAC-0000423374,KR3YE8K5GGA9,2025,2026-07-13,AWARD-00006,20,600,,STATE AND COMMUNITY HIGHWAY SAFETY,4478,HIGHWAY SAFETY CLUSTER,,,46846,39893,N,N,,N,,0,N,
2025-12-GSAFAC-0000423374,KR3YE8K5GGA9,2025,2026-07-13,AWARD-00007,20,616,,NATIONAL PRIORITY SAFETY PROGRAMS,5603,HIGHWAY SAFETY CLUSTER,,,46846,6953,N,N,,N,,0,N,
2025-12-GSAFAC-0000423374,KR3YE8K5GGA9,2025,2026-07-13,AWARD-00008,20,616,,NATIONAL PRIORITY SAFETY PROGRAMS,1350,HIGHWAY SAFETY CLUSTER,,,46846,6953,N,N,,N,,0,N,
2025-12-GSAFAC-0000423374,KR3YE8K5GGA9,2025,2026-07-13,AWARD-00009,20,106,Airport Rehabilitation Runway 8/26,"AIRPORT IMPROVEMENT PROGRAM, INFRASTRUCTURE INVESTMENT AND JOBS ACT PROGRAMS, AND COVID-19 AIRPORTS PROGRAMS",168555,N/A,,,0,168555,N,N,,N,,0,N,
2025-12-GSAFAC-0000423374,KR3YE8K5GGA9,2025,2026-07-13,AWARD-00010,20,205,Acadia Roundabout,HIGHWAY PLANNING AND CONSTRUCTION,3493,N/A,,,0,2666054,Y,N,,N,U,0,N,
2025-12-GSAFAC-0000423374,KR3YE8K5GGA9,2025,2026-07-13,AWARD-00011,20,205,Audubon Avenue Overlay,HIGHWAY PLANNING AND CONSTRUCTION,1593124,N/A,,,0,2666054,Y,N,,N,U,0,N,
2025-12-GSAFAC-0000423374,KR3YE8K5GGA9,2025,2026-07-13,AWARD-00012,20,205,Downtown Sidewalks,HIGHWAY PLANNING AND CONSTRUCTION,1069437,N/A,,,0,2666054,Y,N,,N,U,0,N,
2025-12-GSAFAC-0000423374,KR3YE8K5GGA9,2025,2026-07-13,AWARD-00013,20,607,,ALCOHOL OPEN CONTAINER REQUIREMENTS,80213,N/A,,,0,93016,N,N,,N,,0,N,
2025-12-GSAFAC-0000423374,KR3YE8K5GGA9,2025,2026-07-13,AWARD-00014,20,607,,ALCOHOL OPEN CONTAINER REQUIREMENTS,12803,N/A,,,0,93016,N,N,,N,,0,N,
2025-12-GSAFAC-0000423374,KR3YE8K5GGA9,2025,2026-07-13,AWARD-00015,97,036,Hurricane Ida,DISASTER GRANTS - PUBLIC ASSISTANCE (PRESIDENTIALLY DECLARED DISASTERS),64242,N/A,,,0,64242,N,N,,N,,0,N,
2025-12-GSAFAC-0000423374,KR3YE8K5GGA9,2025,2026-07-13,AWARD-00016,16,607,,BULLETPROOF VEST PARTNERSHIP PROGRAM,10219,N/A,,,0,10219,N,N,,Y,,0,N,
2025-12-GSAFAC-0000423374,KR3YE8K5GGA9,2025,2026-07-13,AWARD-00017,15,954,Junior Ranger Angler,"NATIONAL PARK SERVICE CONSERVATION, PROTECTION, OUTREACH, AND EDUCATION",10000,N/A,,,0,10000,N,N,,Y,,0,N,
2025-12-GSAFAC-0000423980,CLN2MRMTJEZ7,2025,2026-07-13,AWARD-00001,10,665,,SCHOOLS AND ROADS - GRANTS TO STATES,3831,FOREST SERVICE SCHOOLS AND ROADS CLUSTER,,,3831,3831,N,N,,N,,0,N,
2025-12-GSAFAC-0000423980,CLN2MRMTJEZ7,2025,2026-07-13,AWARD-00002,15,226,,PAYMENTS IN LIEU OF TAXES,176915,N/A,,,0,176915,N,N,,N,,0,N,
2025-12-GSAFAC-0000423980,CLN2MRMTJEZ7,2025,2026-07-13,AWARD-00003,20,106,,"AIRPORT IMPROVEMENT PROGRAM, INFRASTRUCTURE INVESTMENT AND JOBS ACT PROGRAMS, AND COVID-19 AIRPORTS PROGRAMS",4553,N/A,,,0,4553,N,N,,N,,0,N,
2025-12-GSAFAC-0000423980,CLN2MRMTJEZ7,2025,2026-07-13,AWARD-00004,21,027,COVID-19,CORONAVIRUS STATE AND LOCAL FISCAL RECOVERY FUNDS,526127,N/A,,,0,526127,N,N,,N,,0,N,
2025-12-GSAFAC-0000423980,CLN2MRMTJEZ7,2025,2026-07-13,AWARD-00005,97,042,,EMERGENCY MANAGEMENT PERFORMANCE GRANTS,19928,N/A,,,0,19928,N,N,,N,,0,N,
2025-12-GSAFAC-0000423980,CLN2MRMTJEZ7,2025,2026-07-13,AWARD-00006,97,044,,ASSISTANCE TO FIREFIGHTERS GRANT,434773,N/A,,,0,434773,Y,N,,N,U,0,N,
2025-06-GSAFAC-0000423708,SXVTYXHECM65,2025,2026-07-13,AWARD-00001,10,170,,SPECIALTY CROP BLOCK GRANT PROGRAM - FARM BILL,14102,N/A,,,0,14102,N,N,,N,,0,N,
2025-06-GSAFAC-0000423708,SXVTYXHECM65,2025,2026-07-13,AWARD-00002,11,611,,MANUFACTURING EXTENSION PARTNERSHIP,52929,N/A,,,0,52929,N,N,,N,,0,N,
2025-06-GSAFAC-0000423708,SXVTYXHECM65,2025,2026-07-13,AWARD-00003,12,600,,COMMUNITY INVESTMENT,68931,N/A,,,0,68931,N,N,,N,,0,N,
2025-06-GSAFAC-0000423708,SXVTYXHECM65,2025,2026-07-13,AWARD-00004,16,738,,EDWARD BYRNE MEMORIAL JUSTICE ASSISTANCE GRANT PROGRAM,5000,N/A,,,0,5000,N,N,,N,,0,N,
2025-06-GSAFAC-0000423708,SXVTYXHECM65,2025,2026-07-13,AWARD-00005,17,258,,WIOA ADULT PROGRAM,57702,WIOA CLUSTER,,,339906,170394,N,N,,N,,0,N,
2025-06-GSAFAC-0000423708,SXVTYXHECM65,2025,2026-07-13,AWARD-00006,17,258,,WIOA ADULT PROGRAM,107388,WIOA CLUSTER,,,339906,170394,N,N,,N,,0,N,
2025-06-GSAFAC-0000423708,SXVTYXHECM65,2025,2026-07-13,AWARD-00007,17,258,,WIOA ADULT PROGRAM,5304,WIOA CLUSTER,,,339906,170394,N,N,,N,,0,N,
2025-06-GSAFAC-0000423708,SXVTYXHECM65,2025,2026-07-13,AWARD-00008,17,259,,WIOA YOUTH ACTIVITIES,101092,WIOA CLUSTER,,,339906,169512,N,N,,N,,0,N,
2025-06-GSAFAC-0000423708,SXVTYXHECM65,2025,2026-07-13,AWARD-00009,17,259,,WIOA YOUTH ACTIVITIES,7579,WIOA CLUSTER,,,339906,169512,N,N,,N,,0,N,
2025-06-GSAFAC-0000423708,SXVTYXHECM65,2025,2026-07-13,AWARD-00010,17,259,,WIOA YOUTH ACTIVITIES,60841,WIOA CLUSTER,,,339906,169512,N,N,,N,,0,N,
2025-06-GSAFAC-0000423708,SXVTYXHECM65,2025,2026-07-13,AWARD-00011,17,289,,COMMUNITY PROJECT FUNDING/CONGRESSIONALLY DIRECTED SPENDING,1806977,N/A,,,0,1806977,Y,N,,N,U,0,N,
2025-06-GSAFAC-0000423708,SXVTYXHECM65,2025,2026-07-13,AWARD-00012,21,015,,"RESOURCES AND ECOSYSTEMS SUSTAINABILITY, TOURIST OPPORTUNITIES, AND REVIVED ECONOMIES OF THE GULF COAST STATES",1144919,N/A,,,0,1144919,N,N,,N,,0,N,
2025-06-GSAFAC-0000423708,SXVTYXHECM65,2025,2026-07-13,AWARD-00013,21,027,,CORONAVIRUS STATE AND LOCAL FISCAL RECOVERY FUNDS,76378,N/A,,,0,551032,N,N,,N,,0,N,
2025-06-GSAFAC-0000423708,SXVTYXHECM65,2025,2026-07-13,AWARD-00014,21,027,,CORONAVIRUS STATE AND LOCAL FISCAL RECOVERY FUNDS,361758,N/A,,,0,551032,N,N,,N,,0,N,
2025-06-GSAFAC-0000423708,SXVTYXHECM65,2025,2026-07-13,AWARD-00015,21,027,,CORONAVIRUS STATE AND LOCAL FISCAL RECOVERY FUNDS,112896,N/A,,,0,551032,N,N,,N,,0,N,
2025-06-GSAFAC-0000423708,SXVTYXHECM65,2025,2026-07-13,AWARD-00016,43,008,,OFFICE OF STEM ENGAGEMENT (OSTEM),7482,N/A,,,0,7535,N,N,,N,,0,N,
2025-06-GSAFAC-0000423708,SXVTYXHECM65,2025,2026-07-13,AWARD-00017,43,008,,OFFICE OF STEM ENGAGEMENT (OSTEM),53,N/A,,,0,7535,N,N,,N,,0,N,
2025-06-GSAFAC-0000423708,SXVTYXHECM65,2025,2026-07-13,AWARD-00018,84,007,,FEDERAL SUPPLEMENTAL EDUCATIONAL OPPORTUNITY GRANTS,238815,STUDENT FINANCIAL ASSISTANCE,,,34548286,238815,Y,N,,Y,U,0,N,
2025-06-GSAFAC-0000423708,SXVTYXHECM65,2025,2026-07-13,AWARD-00019,84,033,,FEDERAL WORK-STUDY PROGRAM,160933,STUDENT FINANCIAL ASSISTANCE,,,34548286,160933,Y,N,,Y,U,0,N,
2025-06-GSAFAC-0000423708,SXVTYXHECM65,2025,2026-07-13,AWARD-00020,84,063,,FEDERAL PELL GRANT PROGRAM,21694508,STUDENT FINANCIAL ASSISTANCE,,,34548286,21694508,Y,N,,Y,U,0,N,
2025-06-GSAFAC-0000423708,SXVTYXHECM65,2025,2026-07-13,AWARD-00021,84,268,,FEDERAL DIRECT STUDENT LOANS,12454030,STUDENT FINANCIAL ASSISTANCE,,,34548286,12454030,Y,N,,Y,U,0,N,
2025-06-GSAFAC-0000423708,SXVTYXHECM65,2025,2026-07-13,AWARD-00022,84,042,,TRIO STUDENT SUPPORT SERVICES,383373,TRIO CLUSTER,,,383373,383373,N,N,,Y,,0,N,
2025-06-GSAFAC-0000423708,SXVTYXHECM65,2025,2026-07-13,AWARD-00023,84,002,,ADULT EDUCATION - BASIC GRANTS TO STATES,553138,N/A,,,0,553138,N,N,,N,,0,N,
2025-06-GSAFAC-0000423708,SXVTYXHECM65,2025,2026-07-13,AWARD-00024,84,048,,CAREER AND TECHNICAL EDUCATION -- BASIC GRANTS TO STATES,633171,N/A,,,0,633171,N,N,,N,,0,N,
2025-06-GSAFAC-0000423708,SXVTYXHECM65,2025,2026-07-13,AWARD-00025,84,335,,CHILD CARE ACCESS MEANS PARENTS IN SCHOOL,2804,N/A,,,0,2804,N,N,,Y,,0,N,
2025-06-GSAFAC-0000423708,SXVTYXHECM65,2025,2026-07-13,AWARD-00026,93,600,,HEAD START,231372,HEAD START CLUSTER,,,231372,231372,N,N,,N,,0,N,
2025-06-GSAFAC-0000423708,SXVTYXHECM65,2025,2026-07-13,AWARD-00027,93,558,,TEMPORARY ASSISTANCE FOR NEEDY FAMILIES,38163,N/A,,,0,108470,N,N,,N,,0,N,
2025-06-GSAFAC-0000423708,SXVTYXHECM65,2025,2026-07-13,AWARD-00028,93,558,,TEMPORARY ASSISTANCE FOR NEEDY FAMILIES,17462,N/A,,,0,108470,N,N,,N,,0,N,
2025-06-GSAFAC-0000423708,SXVTYXHECM65,2025,2026-07-13,AWARD-00029,93,558,,TEMPORARY ASSISTANCE FOR NEEDY FAMILIES,52845,N/A,,,0,108470,N,N,,N,,0,N,
2025-12-GSAFAC-0000423103,MVVBWMAZ3NN5,2025,2026-07-13,AWARD-00001,20,205,,HIGHWAY PLANNING AND CONSTRUCTION,3367579,N/A,,,0,3367579,Y,N,,N,U,0,N,
2025-12-GSAFAC-0000423103,MVVBWMAZ3NN5,2025,2026-07-13,AWARD-00002,20,507,,FEDERAL TRANSIT FORMULA GRANTS,3194456,N/A,,,0,3365464,N,N,,N,,0,N,
2025-12-GSAFAC-0000423103,MVVBWMAZ3NN5,2025,2026-07-13,AWARD-00003,20,507,,FEDERAL TRANSIT FORMULA GRANTS,171008,N/A,,,0,3365464,N,N,,N,,0,N,
2025-12-GSAFAC-0000424001,RG86AU1RJBS6,2025,2026-07-13,AWARD-00001,20,106,,"AIRPORT IMPROVEMENT PROGRAM, INFRASTRUCTURE INVESTMENT AND JOBS ACT PROGRAMS, AND COVID-19 AIRPORTS PROGRAMS",928244,N/A,,,0,928244,Y,N,,Y,U,0,N,
2025-12-GSAFAC-0000424001,RG86AU1RJBS6,2025,2026-07-13,AWARD-00002,20,509,,FORMULA GRANTS FOR RURAL AREAS AND TRIBAL TRANSIT PROGRAM,254516,N/A,,,0,725404,N,N,,N,,0,N,
2025-12-GSAFAC-0000424001,RG86AU1RJBS6,2025,2026-07-13,AWARD-00003,20,600,,STATE AND COMMUNITY HIGHWAY SAFETY,9307,HIGHWAY SAFETY CLUSTER,,,9307,9307,N,N,,N,,0,N,
2025-12-GSAFAC-0000424001,RG86AU1RJBS6,2025,2026-07-13,AWARD-00004,20,509,,FORMULA GRANTS FOR RURAL AREAS AND TRIBAL TRANSIT PROGRAM,470888,N/A,,,0,725404,N,N,,N,,0,N,
2025-12-GSAFAC-0000424001,RG86AU1RJBS6,2025,2026-07-13,AWARD-00005,14,218,,COMMUNITY DEVELOPMENT BLOCK GRANTS/ENTITLEMENT GRANTS,18503,COMMUNITY FACILITIES LOANS AND GRANTS CLUSTER,,,18503,18503,N,N,,N,,0,N,
2025-12-GSAFAC-0000424001,RG86AU1RJBS6,2025,2026-07-13,AWARD-00006,10,433,,RURAL HOUSING PRESERVATION GRANTS,45000,N/A,,,0,45000,N,N,,Y,,0,N,
2025-12-GSAFAC-0000424001,RG86AU1RJBS6,2025,2026-07-13,AWARD-00007,16,585,,TREATMENT COURT DISCRETIONARY GRANT PROGRAM,153380,N/A,,,0,153380,N,N,,Y,,0,N,
2025-06-GSAFAC-0000423586,VXNSXFMHS7H8,2025,2026-07-13,AWARD-00001,93,243,,SUBSTANCE ABUSE AND MENTAL HEALTH SERVICES PROJECTS OF REGIONAL AND NATIONAL SIGNIFICANCE,837696,N/A,,,0,837696,N,N,,Y,,0,N,
2025-06-GSAFAC-0000423586,VXNSXFMHS7H8,2025,2026-07-13,AWARD-00002,93,940,,HIV PREVENTION AND SURVEILLANCE ACTIVITIES-HEALTH DEPARTMENT BASED,35814,N/A,,,0,35814,N,N,,N,,0,N,
2025-06-GSAFAC-0000423586,VXNSXFMHS7H8,2025,2026-07-13,AWARD-00003,93,834,,CAPACITY BUILDING ASSISTANCE (CBA) FOR HIGH-IMPACT HIV PREVENTION,70724,N/A,,,0,70724,N,N,,N,,0,N,
2025-06-GSAFAC-0000423586,VXNSXFMHS7H8,2025,2026-07-13,AWARD-00004,93,686,,ENDING THE HIV EPIDEMIC: A PLAN FOR AMERICA Â RYAN WHITE HIV/AIDS PROGRAM PARTS A AND B,135690,N/A,,,0,135690,N,N,,N,,0,N,
2025-06-GSAFAC-0000423586,VXNSXFMHS7H8,2025,2026-07-13,AWARD-00005,14,231,,EMERGENCY SOLUTIONS GRANT PROGRAM,18083,N/A,,,0,18083,N,N,,N,,0,N,
2025-06-GSAFAC-0000423586,VXNSXFMHS7H8,2025,2026-07-13,AWARD-00006,14,241,,HOUSING OPPORTUNITIES FOR PERSONS WITH AIDS,2954744,N/A,,,0,2954744,Y,N,,N,U,0,Y,831254.0
2026-06-GSAFAC-0000424040,Y8ZDZ4ZKLD82,2026,2026-07-13,AWARD-00001,21,027,,CORONAVIRUS STATE AND LOCAL FISCAL RECOVERY FUNDS,1099029,N/A,,,0,1099029,Y,N,,N,U,0,N,
