report_id,auditee_uei,audit_year,fac_accepted_date,title,accounting_policies,is_minimis_rate_used,rate_explained,content,contains_chart_or_table
2025-12-GSAFAC-0000422565,G6C5UJ3TAJL6,2025,2026-07-13,Note 1. Organization,"The accompanying Schedule of Expenditures of Federal Awards includes the federal grant activity of the Health Center and is presented on the modified accrual basis of accounting. The information presented in this schedule is in accordance with the requirements of Title 2 U.S. Code of Federal Regulation (CFR) Part 200, Uniform Administrative Requirements, Cost Principles, and Audit Requirements for Federal Awards. Therefore, some amounts presented in this schedule may differ from amounts presented in, or used in the preparation of, the basic financial statements.",N,"The Health Center does not allocate indirect costs, and therefore has not elected to use the de minimis indirect cost rate allowed under the Uniform Guidance.","Clay County Public Health Center (the Health Center) is the recipient of several federal awards. All federal awards received directly from federal agencies as well as those awards that are passed through other government agencies, are included on the Schedule of Expenditures of Federal Awards.",N
2025-12-GSAFAC-0000422565,G6C5UJ3TAJL6,2025,2026-07-13,Note 2. Basis of Presentation,"The accompanying Schedule of Expenditures of Federal Awards includes the federal grant activity of the Health Center and is presented on the modified accrual basis of accounting. The information presented in this schedule is in accordance with the requirements of Title 2 U.S. Code of Federal Regulation (CFR) Part 200, Uniform Administrative Requirements, Cost Principles, and Audit Requirements for Federal Awards. Therefore, some amounts presented in this schedule may differ from amounts presented in, or used in the preparation of, the basic financial statements.",N,"The Health Center does not allocate indirect costs, and therefore has not elected to use the de minimis indirect cost rate allowed under the Uniform Guidance.","The accompanying Schedule of Expenditures of Federal Awards includes the federal grant activity of the Health Center and is presented on the modified accrual basis of accounting. The information presented in this schedule is in accordance with the requirements of Title 2 U.S. Code of Federal Regulation (CFR) Part 200, Uniform Administrative Requirements, Cost Principles, and Audit Requirements for Federal Awards. Therefore, some amounts presented in this schedule may differ from amounts presented in, or used in the preparation of, the basic financial statements.",N
2025-12-GSAFAC-0000422565,G6C5UJ3TAJL6,2025,2026-07-13,Note 3. Local Government Contributions,"The accompanying Schedule of Expenditures of Federal Awards includes the federal grant activity of the Health Center and is presented on the modified accrual basis of accounting. The information presented in this schedule is in accordance with the requirements of Title 2 U.S. Code of Federal Regulation (CFR) Part 200, Uniform Administrative Requirements, Cost Principles, and Audit Requirements for Federal Awards. Therefore, some amounts presented in this schedule may differ from amounts presented in, or used in the preparation of, the basic financial statements.",N,"The Health Center does not allocate indirect costs, and therefore has not elected to use the de minimis indirect cost rate allowed under the Uniform Guidance.","Local cost sharing, as defined by Title 2 CFR Part 200, Subpart D, Section 200.306 is required by certain federal grants. The amount of cost sharing varies with each program. Only the federal share of expenditures is presented in the Schedule of Expenditures of Federal Awards.",N
2025-12-GSAFAC-0000422565,G6C5UJ3TAJL6,2025,2026-07-13,Note 4. Additional Audits,"The accompanying Schedule of Expenditures of Federal Awards includes the federal grant activity of the Health Center and is presented on the modified accrual basis of accounting. The information presented in this schedule is in accordance with the requirements of Title 2 U.S. Code of Federal Regulation (CFR) Part 200, Uniform Administrative Requirements, Cost Principles, and Audit Requirements for Federal Awards. Therefore, some amounts presented in this schedule may differ from amounts presented in, or used in the preparation of, the basic financial statements.",N,"The Health Center does not allocate indirect costs, and therefore has not elected to use the de minimis indirect cost rate allowed under the Uniform Guidance.","Grantor agencies reserve the right to conduct additional audits of the Health Center’s grant programs for economy and efficiency and program results that may result in disallowed costs to the Health Center. However, management does not believe such audits would result in any disallowed costs that would be material to the Health Center’s financial position at December 31, 2024.",N
2025-12-GSAFAC-0000422565,G6C5UJ3TAJL6,2025,2026-07-13,Note 5. Indirect Cost Rate,"The accompanying Schedule of Expenditures of Federal Awards includes the federal grant activity of the Health Center and is presented on the modified accrual basis of accounting. The information presented in this schedule is in accordance with the requirements of Title 2 U.S. Code of Federal Regulation (CFR) Part 200, Uniform Administrative Requirements, Cost Principles, and Audit Requirements for Federal Awards. Therefore, some amounts presented in this schedule may differ from amounts presented in, or used in the preparation of, the basic financial statements.",N,"The Health Center does not allocate indirect costs, and therefore has not elected to use the de minimis indirect cost rate allowed under the Uniform Guidance.","The Health Center does not allocate indirect costs, and therefore has not elected to use the 15 % de minimis indirect cost rate allowed under the Uniform Guidance.",N
2024-12-GSAFAC-0000423894,C8DLAMJPKK16,2024,2026-07-13,Summary of Significant Accounting Policies,"Expenditures reported on the Schedule are reported on the modified cash basis of accounting.  Such expenditures are recognized following the cost principles contained in the Uniform Guidance, wherein certain types of expenditures are not allowable or are limited as to reimbursement.  Negative amounts shown on the Schedule represent adjustments or credits made in the normal course of business to amounts reported as expenditures in prior years.",N,The Municipality has not elected to use the 15-percent de minimis indirect cost rate as allowed under the Uniform Guidance.,"Expenditures reported on the Schedule are reported on the modified cash basis of accounting.  Such expenditures are recognized following the cost principles contained in the Uniform Guidance, wherein certain types of expenditures are not allowable or are limited as to reimbursement.  Negative amounts shown on the Schedule represent adjustments or credits made in the normal course of business to amounts reported as expenditures in prior years.  The Municipality has not elected to use the 15-percent de minimis indirect cost rate as allowed under the Uniform Guidance.",N
2025-12-GSAFAC-0000423165,S814RGZQHCB1,2025,2026-07-13,Note 1: Basis of Presentation,Expenditures reported on this schedule are reported on both the accrual basis and modified accrual basis of accounting.,N,"During the year ended December 31, 2025, the City did not elect to use the 15% de minimis indirect cost rate.","The accompanying Schedule of Expenditures of Federal Awards includes the federal grant activity of the City of Mankato,
Minnesota, (the City) for the year ended December 31, 2025. The City's reporting entity is defined in Note 1A to the City's
financial statements. The information in this schedule is presented in accordance with the requirement of the Uniform
Guidance, Audits of States, Local Governments, and Non-Profit Organizations. All Federal awards received directly from
Federal agencies as well as Federal awards passed through other government agencies are included on the schedule.",N
2025-12-GSAFAC-0000423165,S814RGZQHCB1,2025,2026-07-13,Note 3: Pass-through Entity Identifying Numbers,Expenditures reported on this schedule are reported on both the accrual basis and modified accrual basis of accounting.,N,"During the year ended December 31, 2025, the City did not elect to use the 15% de minimis indirect cost rate.","Pass-through entity identifying numbers, if any, are presented where available.",N
2025-12-GSAFAC-0000423165,S814RGZQHCB1,2025,2026-07-13,Note 4: Subrecipients,Expenditures reported on this schedule are reported on both the accrual basis and modified accrual basis of accounting.,N,"During the year ended December 31, 2025, the City did not elect to use the 15% de minimis indirect cost rate.",No federal expenditures presented in this schedule were provided to subrecipients.,N
2025-12-GSAFAC-0000423374,KR3YE8K5GGA9,2025,2026-07-13,Note A - Basis of Presentation,"The accompanying schedule of federal awards includes the federal grant awards of the City under programs of the federal government for the year ended December 31, 2025, and is presented on the modified accrual basis of accounting or in a manner specified in the award agreement. The information in this schedule is presented in accordance with the requirements of Title 2 U.S. Code of Federal Regulations Part 200, Uniform Administrative Requirements, Cost Principles, and Audit Requirements for Federal Awards (Uniform Guidance). Because the Schedule presents only a selected portion of the operations of the City, it is not intended to and does not present the financial position, changes in net assets, or cash flows of the City.",N,The City used direct costs for all federal awards expended.,"The accompanying schedule of federal awards includes the federal grant awards of the City under programs of the federal government for the year ended December 31, 2025, and is presented on the modified accrual basis of accounting or in a manner specified in the award agreement. The information in this schedule is presented in accordance with the requirements of Title 2 U.S. Code of Federal Regulations Part 200, Uniform Administrative Requirements, Cost Principles, and Audit Requirements for Federal Awards (Uniform Guidance). Because the Schedule presents only a selected portion of the operations of the City, it is not intended to and does not present the financial position, changes in net assets, or cash flows of the City.",N
2025-12-GSAFAC-0000423374,KR3YE8K5GGA9,2025,2026-07-13,Note B - Reconciliation of Federal Expenditures,"The accompanying schedule of federal awards includes the federal grant awards of the City under programs of the federal government for the year ended December 31, 2025, and is presented on the modified accrual basis of accounting or in a manner specified in the award agreement. The information in this schedule is presented in accordance with the requirements of Title 2 U.S. Code of Federal Regulations Part 200, Uniform Administrative Requirements, Cost Principles, and Audit Requirements for Federal Awards (Uniform Guidance). Because the Schedule presents only a selected portion of the operations of the City, it is not intended to and does not present the financial position, changes in net assets, or cash flows of the City.",N,The City used direct costs for all federal awards expended.,"Federal assistance expended as reported on the Schedule of Expenditures of Federal Awards $6,396,780
Add: current year FEMA reimbursements for prior year expenditures $239
Less: current year FEMA expenditures not yet obligated $(24,168)
Add: current year Section 8 Housing revenues not yet expended $5,981
Total intergovernmental revenues $6,378,832

Intergovernmental revenues as reported on the Statement of Revenues, Expenditures, and Changes in Fund Balances/Net Position
Governmental Funds $6,388,832
Less: private fund donations received included in intergovernmental revenues for governmental funds $(10,000)
Total $6,378,832",Y
2025-12-GSAFAC-0000423374,KR3YE8K5GGA9,2025,2026-07-13,Note C - Indirect Cost Rate,"The accompanying schedule of federal awards includes the federal grant awards of the City under programs of the federal government for the year ended December 31, 2025, and is presented on the modified accrual basis of accounting or in a manner specified in the award agreement. The information in this schedule is presented in accordance with the requirements of Title 2 U.S. Code of Federal Regulations Part 200, Uniform Administrative Requirements, Cost Principles, and Audit Requirements for Federal Awards (Uniform Guidance). Because the Schedule presents only a selected portion of the operations of the City, it is not intended to and does not present the financial position, changes in net assets, or cash flows of the City.",N,The City used direct costs for all federal awards expended.,The City has not elected to use the de minimis indirect cost rate as allowed under the Uniform Guidance.,N
2025-12-GSAFAC-0000423374,KR3YE8K5GGA9,2025,2026-07-13,Note D - Subrecipients,"The accompanying schedule of federal awards includes the federal grant awards of the City under programs of the federal government for the year ended December 31, 2025, and is presented on the modified accrual basis of accounting or in a manner specified in the award agreement. The information in this schedule is presented in accordance with the requirements of Title 2 U.S. Code of Federal Regulations Part 200, Uniform Administrative Requirements, Cost Principles, and Audit Requirements for Federal Awards (Uniform Guidance). Because the Schedule presents only a selected portion of the operations of the City, it is not intended to and does not present the financial position, changes in net assets, or cash flows of the City.",N,The City used direct costs for all federal awards expended.,The City does not pass through any awards to subrecipients.,N
2025-12-GSAFAC-0000423980,CLN2MRMTJEZ7,2025,2026-07-13,Basis of Presentation,"Expenditures reported on the Schedule are reported on the accrual basis of accounting.  Such expenditures are recognized following the cost principles contained in in Title 2 U.S. Code of Federal Regulations Part 200, Uniform Administrative Requirements, Cost Principles, and Audit Requirements for Federal Awards, wherein certain types of expenditures are not allowable or are limited as to reimbursement.",N,"Gilmer County, Georgia has elected not to use the 15-percent de minimis indirect cost rate allowed under the Uniform Guidance.","The accompanying schedule of expenditures of federal awards (the Schedule) includes the federal award activity of Gilmer County, Georgia, under programs for the federal government for the year ended December 31, 2025. The information in this schedule is presented in accordance with the requirements of Title 2 U.S. Code of Federal Regulations (CFR) Part 200, Uniform Administrative Requirements, Cost Principles, and Audit Requirements for Federal Awards (Uniform Guidance). Because this schedule presents only a selected portion of the operations of the County, it is not intended to and does not present the financial position, changes in net position or cash flows of the County.",N
2025-12-GSAFAC-0000423980,CLN2MRMTJEZ7,2025,2026-07-13,Payments to Subrecipients,"Expenditures reported on the Schedule are reported on the accrual basis of accounting.  Such expenditures are recognized following the cost principles contained in in Title 2 U.S. Code of Federal Regulations Part 200, Uniform Administrative Requirements, Cost Principles, and Audit Requirements for Federal Awards, wherein certain types of expenditures are not allowable or are limited as to reimbursement.",N,"Gilmer County, Georgia has elected not to use the 15-percent de minimis indirect cost rate allowed under the Uniform Guidance.","For the current year, Gilmer County, Georgia did not pass federal funds through to subrecipients.",N
2025-06-GSAFAC-0000423708,SXVTYXHECM65,2025,2026-07-13,NOTE 1 BASIS OF PRESENTATION,"Expenditures reported on the Schedule are reported on the modified accrual basis of accounting.
Such expenditures are recognized following the cost principles contained in the Uniform
Guidance, wherein certain types of expenditures are not allowable or limited as to
reimbursement.",N,"The Pearl River Community College did not elect to use the 10% de minimis indirect cost rate
allowed under the Uniform Guidance.","The accompanying Schedule of Expenditures of Federal Awards is prepared on the modified
accrual basis of accounting. The information in this schedule is presented in accordance as
required by Title 2 U.S. Code of Federal Regulations Part 200, Uniform Administrative
Requirements, Cost Principles, and Audit Requirements for Federal Awards (Uniform
Guidance). Because the schedule presents only a selected portion of the operations of the
College, it is not intended to and does not present the financial position, changes in net position, or cash flows of the College",N
2025-06-GSAFAC-0000423708,SXVTYXHECM65,2025,2026-07-13,NOTE 2 SUMMARY OF SIGNIFICANT ACCOUNTING POLICIES,"Expenditures reported on the Schedule are reported on the modified accrual basis of accounting.
Such expenditures are recognized following the cost principles contained in the Uniform
Guidance, wherein certain types of expenditures are not allowable or limited as to
reimbursement.",N,"The Pearl River Community College did not elect to use the 10% de minimis indirect cost rate
allowed under the Uniform Guidance.","Expenditures reported on the Schedule are reported on the modified accrual basis of accounting.
Such expenditures are recognized following the cost principles contained in the Uniform
Guidance, wherein certain types of expenditures are not allowable or limited as to
reimbursement.",N
2025-06-GSAFAC-0000423708,SXVTYXHECM65,2025,2026-07-13,NOTE 3 INDIRECT COST RATE,"Expenditures reported on the Schedule are reported on the modified accrual basis of accounting.
Such expenditures are recognized following the cost principles contained in the Uniform
Guidance, wherein certain types of expenditures are not allowable or limited as to
reimbursement.",N,"The Pearl River Community College did not elect to use the 10% de minimis indirect cost rate
allowed under the Uniform Guidance.","The Pearl River Community College did not elect to use the 10% de minimis indirect cost rate
allowed under the Uniform Guidance.",N
2025-06-GSAFAC-0000423708,SXVTYXHECM65,2025,2026-07-13,NOTE 4 OTHER ITEMS,"Expenditures reported on the Schedule are reported on the modified accrual basis of accounting.
Such expenditures are recognized following the cost principles contained in the Uniform
Guidance, wherein certain types of expenditures are not allowable or limited as to
reimbursement.",N,"The Pearl River Community College did not elect to use the 10% de minimis indirect cost rate
allowed under the Uniform Guidance.","For purposes of this schedule, loans made to students under the Federal Direct Student Loans
(ALN # 84.268) are presented as federal expenditures. Neither the funds advanced to students
nor the outstanding loan balance is included in the financial statements since the loans are made
and subsequently collected by private lending institutions and/or the federal government.
Student Loan $ 12,454,030
Federal Grants and Contracts $ 12,454,030",Y
2025-12-GSAFAC-0000423103,MVVBWMAZ3NN5,2025,2026-07-13,NOTE A - BASIS OF PRESENTATION,"Expenditures for direct costs are recognized as incurred using the accrual method of accounting and the cost accounting principles contained in the Uniform Guidance. Under these cost principles, certain types of expenditures are not allowable or are limited as to reimbursement.",N,The entity did not use the de minimis cost rate.,"The accompanying schedule of expenditures of federal awards summarizes the expenditures of the Organization under programs of the federal government for the year ended December 31, 2025 and is presented on the accrual basis of accounting. The information in this schedule is presented in accordance with the provisions of Title 2 U.S. Code of Federal Regulations (CFR) Part 200, Uniform Administrative Requirements, Cost Principles, and Audit Requirements for Federal Awards (the “Uniform Guidance”). Therefore, some amounts presented in this schedule may differ from amounts presented in, or used in the preparation of, the financial statements.",N
2025-12-GSAFAC-0000423103,MVVBWMAZ3NN5,2025,2026-07-13,NOTE B - ACCOUNTING PRINCIPLES,"Expenditures for direct costs are recognized as incurred using the accrual method of accounting and the cost accounting principles contained in the Uniform Guidance. Under these cost principles, certain types of expenditures are not allowable or are limited as to reimbursement.",N,The entity did not use the de minimis cost rate.,"Expenditures for direct costs are recognized as incurred using the accrual method of accounting and the cost accounting principles contained in the Uniform Guidance. Under these cost principles, certain types of expenditures are not allowable or are limited as to reimbursement.",N
2025-12-GSAFAC-0000423103,MVVBWMAZ3NN5,2025,2026-07-13,NOTE C - INDIRECT COST RATE,"Expenditures for direct costs are recognized as incurred using the accrual method of accounting and the cost accounting principles contained in the Uniform Guidance. Under these cost principles, certain types of expenditures are not allowable or are limited as to reimbursement.",N,The entity did not use the de minimis cost rate.,The Organization elected not to use the de minimis cost rate under Uniform Guidance.,N
2025-12-GSAFAC-0000423103,MVVBWMAZ3NN5,2025,2026-07-13,NOTE D - CONTINGENCIES,"Expenditures for direct costs are recognized as incurred using the accrual method of accounting and the cost accounting principles contained in the Uniform Guidance. Under these cost principles, certain types of expenditures are not allowable or are limited as to reimbursement.",N,The entity did not use the de minimis cost rate.,"The Organization’s federal programs are subject to financial and compliance audits by grantor agencies which, if instances of material noncompliance are found, may result in disallowed expenditures, and affect the Organization’s continued participation in specific programs. The amount, if any, of expenditures which may be disallowed by the grantor agencies cannot be determined at this time, although the Organization expects such amounts, if any, to be insignificant.",N
2025-12-GSAFAC-0000424001,RG86AU1RJBS6,2025,2026-07-13,Basis of Presentation,"Expenditures reported on the accompanying Schedule of Expenditures of Federal Awards are reported on the regulatory basis of accounting, which are accounting practices prescribed by the State of Kansas and are described in Note 1 to the City of Liberal, Kansas' regulatory basis financial statement.",N,"The City of Liberal, Kansas has elected not to use the 10% de minimis indirect cost rate allowed under the Uniform Guidance.","The accompanying schedule of expenditures of federal awards includes the federal award activity of the City of Liberal, Kansas under programs of the federal government for the year ended December 31, 2025.  The information in this Schedule is presented in accordance with the requirements of Title 2 U.S. Code of Federal Regulations Part 200, Uniform Administrative Requirements, Cost Principles, and Audit Requirements for Federal Awards (Uniform Guidance).  Because the Schedule presents only a selected portion of the operations of the City of Liberal, Kansas, it is not intended to and does not present the aggregate cash and unencumbered cash balances and receipts and expenditures of the City of Liberal, Kansas.",N
2025-12-GSAFAC-0000424001,RG86AU1RJBS6,2025,2026-07-13,Summary of Significant Accounting Policies,"Expenditures reported on the accompanying Schedule of Expenditures of Federal Awards are reported on the regulatory basis of accounting, which are accounting practices prescribed by the State of Kansas and are described in Note 1 to the City of Liberal, Kansas' regulatory basis financial statement.",N,"The City of Liberal, Kansas has elected not to use the 10% de minimis indirect cost rate allowed under the Uniform Guidance.","Expenditures reported on the accompanying Schedule of Expenditures of Federal Awards are reported on the regulatory basis of accounting, which are accounting practices prescribed by the State of Kansas and are described in Note 1 to the City of Liberal, Kansas’ basis financial statement. regulatory",N
2025-12-GSAFAC-0000424001,RG86AU1RJBS6,2025,2026-07-13,Subrecipient Grant Agreement,"Expenditures reported on the accompanying Schedule of Expenditures of Federal Awards are reported on the regulatory basis of accounting, which are accounting practices prescribed by the State of Kansas and are described in Note 1 to the City of Liberal, Kansas' regulatory basis financial statement.",N,"The City of Liberal, Kansas has elected not to use the 10% de minimis indirect cost rate allowed under the Uniform Guidance.","There were no subrecipient agreements at December 31, 2025.",N
2025-12-GSAFAC-0000424001,RG86AU1RJBS6,2025,2026-07-13,Indirect Cost Rate,"Expenditures reported on the accompanying Schedule of Expenditures of Federal Awards are reported on the regulatory basis of accounting, which are accounting practices prescribed by the State of Kansas and are described in Note 1 to the City of Liberal, Kansas' regulatory basis financial statement.",N,"The City of Liberal, Kansas has elected not to use the 10% de minimis indirect cost rate allowed under the Uniform Guidance.","The City of Liberal, Kansas has elected not to use the 10% de minimis indirect cost rate allowed under the Uniform Guidance.",N
2025-12-GSAFAC-0000424001,RG86AU1RJBS6,2025,2026-07-13,Noncash Assistance and Cumulative Endowment Rules,"Expenditures reported on the accompanying Schedule of Expenditures of Federal Awards are reported on the regulatory basis of accounting, which are accounting practices prescribed by the State of Kansas and are described in Note 1 to the City of Liberal, Kansas' regulatory basis financial statement.",N,"The City of Liberal, Kansas has elected not to use the 10% de minimis indirect cost rate allowed under the Uniform Guidance.","The City of Liberal, Kansas received no federal noncash assistance and no cumulative endowment funds for the year ended December 31, 2025.",N
2025-12-GSAFAC-0000424001,RG86AU1RJBS6,2025,2026-07-13,Interest Subsidy,"Expenditures reported on the accompanying Schedule of Expenditures of Federal Awards are reported on the regulatory basis of accounting, which are accounting practices prescribed by the State of Kansas and are described in Note 1 to the City of Liberal, Kansas' regulatory basis financial statement.",N,"The City of Liberal, Kansas has elected not to use the 10% de minimis indirect cost rate allowed under the Uniform Guidance.","There was no interest subsidy received by the City of Liberal, Kansas under a federal loan or loan guarantee program.",N
2025-12-GSAFAC-0000424001,RG86AU1RJBS6,2025,2026-07-13,Subrecipients,"Expenditures reported on the accompanying Schedule of Expenditures of Federal Awards are reported on the regulatory basis of accounting, which are accounting practices prescribed by the State of Kansas and are described in Note 1 to the City of Liberal, Kansas' regulatory basis financial statement.",N,"The City of Liberal, Kansas has elected not to use the 10% de minimis indirect cost rate allowed under the Uniform Guidance.",No awards were passed through to subrecipients.,N
2025-06-GSAFAC-0000423586,VXNSXFMHS7H8,2025,2026-07-13,Basis of Presentation,"The accompanying schedule of expenditures of federal awards includes the federal grant activity of Carolinas CARE Partnership, and is presented on the modified accrual basis of accounting.",N,"The auditee used the indirect cost rate described in its grant agreement with the City of Charlotte, N.C.","The accompanying schedule of expenditures of federal awards includes the federal grant activity of Carolinas CARE Partnership, and is presented on the modified accrual basis of accounting. The information in this schedule is presented in accordance with the requirements of Title 2 U.S. Code of Federal Regulations Part 200, Uniform Administrative Requirements, Cost Principles, and Audit Requirements for Federal Awards (Uniform Guidance). Therefore, some amounts presented in this schedule may differ from amounts presented in, or used in the preparation of the basic consolidated financial statements.",N
2025-06-GSAFAC-0000423586,VXNSXFMHS7H8,2025,2026-07-13,Subrecipients,"The accompanying schedule of expenditures of federal awards includes the federal grant activity of Carolinas CARE Partnership, and is presented on the modified accrual basis of accounting.",N,"The auditee used the indirect cost rate described in its grant agreement with the City of Charlotte, N.C.","Of the federal awards presented in the schedule, the Organization provided federal awards to sub-recipients as follows:",Y
2026-06-GSAFAC-0000424040,Y8ZDZ4ZKLD82,2026,2026-07-13,Basis of Presentation,"The accompanying Schedule of Expenditures of Federal Awards (the Schedule) includes the federal award activity of Looxahoma Water Association under the Coronavirus State and Local Fiscal Recovery Funds pass through by Mississippi State Department of Health, American Rescue Plan Act: Rural Water Associations Infrastructure Grant Program for the year ended June 30, 2026. The information in the Schedule is presented in accordance with the requirements of the Title 2 U.S. Code of Federal Regulations (CFR) Part 200, Uniform Administrative Requirements, Cost Principles, and Audit Requirements for Federal Awards (Uniform Guidance). Because the Schedule presents only a selected portion of the operations of Looxahoma Water Association, it is not intended to, and does not, present the net position, changes in net position or cash flows of the water association. 

2.	Summary of Significant Accounting Policies

Expenditures reported on the Schedule are reported on the cash basis of accounting. Such expenditures are recognized following the cost principles contained in the Uniform Guidance, wherein certain types of expenditures are not allowable or are limited as to reimbursement.

3.	Indirect Cost Rate

Looxahoma Water Association did not elect to use the 10-percent de minimis indirect cost rate allowed under the Uniform Guidance. The grant agreement does not permit the charging of indirect costs. Accordingly, no indirect costs were claimed or included in the expenditures as part of the federal award activity of Looxahoma Water Association under the Coronavirus State and Local Fiscal Recovery Funds pass through by Mississippi State Department of Health, American Rescue Plan Act: Rural Water Associations Infrastructure Grant Program for the year ended June 30, 2026.",Y,The auditee used the de minimis cost rate.,"The accompanying Schedule of Expenditures of Federal Awards (the Schedule) includes the federal award activity of Looxahoma Water Association under the Coronavirus State and Local Fiscal Recovery Funds pass through by Mississippi State Department of Health, American Rescue Plan Act: Rural Water Associations Infrastructure Grant Program for the year ended June 30, 2026. The information in the Schedule is presented in accordance with the requirements of the Title 2 U.S. Code of Federal Regulations (CFR) Part 200, Uniform Administrative Requirements, Cost Principles, and Audit Requirements for Federal Awards (Uniform Guidance). Because the Schedule presents only a selected portion of the operations of Looxahoma Water Association, it is not intended to, and does not, present the net position, changes in net position or cash flows of the water association.",N
2026-06-GSAFAC-0000424040,Y8ZDZ4ZKLD82,2026,2026-07-13,Summary of Significant Accounting Policies,"The accompanying Schedule of Expenditures of Federal Awards (the Schedule) includes the federal award activity of Looxahoma Water Association under the Coronavirus State and Local Fiscal Recovery Funds pass through by Mississippi State Department of Health, American Rescue Plan Act: Rural Water Associations Infrastructure Grant Program for the year ended June 30, 2026. The information in the Schedule is presented in accordance with the requirements of the Title 2 U.S. Code of Federal Regulations (CFR) Part 200, Uniform Administrative Requirements, Cost Principles, and Audit Requirements for Federal Awards (Uniform Guidance). Because the Schedule presents only a selected portion of the operations of Looxahoma Water Association, it is not intended to, and does not, present the net position, changes in net position or cash flows of the water association. 

2.	Summary of Significant Accounting Policies

Expenditures reported on the Schedule are reported on the cash basis of accounting. Such expenditures are recognized following the cost principles contained in the Uniform Guidance, wherein certain types of expenditures are not allowable or are limited as to reimbursement.

3.	Indirect Cost Rate

Looxahoma Water Association did not elect to use the 10-percent de minimis indirect cost rate allowed under the Uniform Guidance. The grant agreement does not permit the charging of indirect costs. Accordingly, no indirect costs were claimed or included in the expenditures as part of the federal award activity of Looxahoma Water Association under the Coronavirus State and Local Fiscal Recovery Funds pass through by Mississippi State Department of Health, American Rescue Plan Act: Rural Water Associations Infrastructure Grant Program for the year ended June 30, 2026.",Y,The auditee used the de minimis cost rate.,"Expenditures reported on the Schedule are reported on the cash basis of accounting. Such expenditures are recognized following the cost principles contained in the Uniform Guidance, wherein certain types of expenditures are not allowable or are limited as to reimbursement.",N
2026-06-GSAFAC-0000424040,Y8ZDZ4ZKLD82,2026,2026-07-13,Indirect Cost Rate,"The accompanying Schedule of Expenditures of Federal Awards (the Schedule) includes the federal award activity of Looxahoma Water Association under the Coronavirus State and Local Fiscal Recovery Funds pass through by Mississippi State Department of Health, American Rescue Plan Act: Rural Water Associations Infrastructure Grant Program for the year ended June 30, 2026. The information in the Schedule is presented in accordance with the requirements of the Title 2 U.S. Code of Federal Regulations (CFR) Part 200, Uniform Administrative Requirements, Cost Principles, and Audit Requirements for Federal Awards (Uniform Guidance). Because the Schedule presents only a selected portion of the operations of Looxahoma Water Association, it is not intended to, and does not, present the net position, changes in net position or cash flows of the water association. 

2.	Summary of Significant Accounting Policies

Expenditures reported on the Schedule are reported on the cash basis of accounting. Such expenditures are recognized following the cost principles contained in the Uniform Guidance, wherein certain types of expenditures are not allowable or are limited as to reimbursement.

3.	Indirect Cost Rate

Looxahoma Water Association did not elect to use the 10-percent de minimis indirect cost rate allowed under the Uniform Guidance. The grant agreement does not permit the charging of indirect costs. Accordingly, no indirect costs were claimed or included in the expenditures as part of the federal award activity of Looxahoma Water Association under the Coronavirus State and Local Fiscal Recovery Funds pass through by Mississippi State Department of Health, American Rescue Plan Act: Rural Water Associations Infrastructure Grant Program for the year ended June 30, 2026.",Y,The auditee used the de minimis cost rate.,"Looxahoma Water Association did not elect to use the 10-percent de minimis indirect cost rate allowed under the Uniform Guidance. The grant agreement does not permit the charging of indirect costs. Accordingly, no indirect costs were claimed or included in the expenditures as part of the federal award activity of Looxahoma Water Association under the Coronavirus State and Local Fiscal Recovery Funds pass through by Mississippi State Department of Health, American Rescue Plan Act: Rural Water Associations Infrastructure Grant Program for the year ended June 30, 2026.",N
