report_id,auditee_uei,audit_year,fac_accepted_date,version,status,previous_report_id,next_report_id,original_submission_date
2025-12-GSAFAC-0000422565,G6C5UJ3TAJL6,2025,2026-07-13,1,most_recent,,,2026-07-13
2024-12-GSAFAC-0000423894,C8DLAMJPKK16,2024,2026-07-13,1,most_recent,,,2026-07-13
2025-12-GSAFAC-0000423165,S814RGZQHCB1,2025,2026-07-13,1,most_recent,,,2026-07-13
2025-12-GSAFAC-0000423374,KR3YE8K5GGA9,2025,2026-07-13,1,most_recent,,,2026-07-13
2025-12-GSAFAC-0000423980,CLN2MRMTJEZ7,2025,2026-07-13,1,most_recent,,,2026-07-13
2025-06-GSAFAC-0000423708,SXVTYXHECM65,2025,2026-07-13,1,most_recent,,,2026-07-13
2025-12-GSAFAC-0000423103,MVVBWMAZ3NN5,2025,2026-07-13,1,most_recent,,,2026-07-13
2025-12-GSAFAC-0000424001,RG86AU1RJBS6,2025,2026-07-13,1,most_recent,,,2026-07-13
2025-06-GSAFAC-0000423586,VXNSXFMHS7H8,2025,2026-07-13,1,most_recent,,,2026-07-13
2026-06-GSAFAC-0000424040,Y8ZDZ4ZKLD82,2026,2026-07-13,1,most_recent,,,2026-07-13
